GET	/rails/mailers	rails/mailers#index
GET	/rails/mailers/download/*path	rails/mailers#download
GET	/rails/mailers/*path	rails/mailers#preview
GET	/rails/info/properties	rails/info#properties
GET	/rails/info/routes	rails/info#routes
GET	/rails/info/notes	rails/info#notes
GET	/rails/info	rails/info#index
GET	/up	rails/health#show
GET	/my_ip	admin#my_ip
GET	/docs/api/v3(/*path)	docs/api#v3
GET	/	static_pages#index
GET	/stats	stats#stats
GET	/stats_custom_duration	stats#stats_custom_duration
GET	/stats/admin_receipt_stats	stats#admin_receipt_stats
GET	/project_stats	stats#project_stats
GET	/bookkeeping	admin#bookkeeping
GET	/stripe_charge_lookup	static_pages#stripe_charge_lookup
GET	/money-printer	money_printer#index
POST	/raffles	raffles#create
GET	/raffles/new	raffles#new
POST	/guardian/:id/accept	guardianships#accept
POST	/guardian/:id/revoke	guardianships#revoke
POST	/guardian/:id/resend_invite	guardianships#resend_invite
GET	/guardian/:id/record	guardianships#record
POST	/guardian	guardianships#create
GET	/guardian/new	guardianships#new
GET	/guardian/:id	guardianships#show
POST	/fuime/webhooks/stripe	fuime/webhooks#stripe
GET	/:event_slug/taxes	fuime/taxes#show
GET	/:event_slug/taxes/download	fuime/taxes#download_packet
GET	/b/:slug	fuime/storefronts#show
POST	/b/:slug/pay	fuime/checkouts#create
POST	/receipts/link	receipts#link
GET	/receipts/link_modal	receipts#link_modal
POST	/receipts/:id/reverse	receipts#reverse
POST	/receipts	receipts#create
DELETE	/receipts/:id	receipts#destroy
GET	/my/settings	users#edit
GET	/my/settings/address	users#edit_address
GET	/my/settings/payouts	users#edit_payout
PATCH	/my/settings/payouts/methods/:id/set_default	legal_entity/payout_methods#set_default
PATCH	/my/settings/payouts/methods/:id/archive	legal_entity/payout_methods#archive
POST	/my/settings/payouts/methods	legal_entity/payout_methods#create
PATCH	/my/settings/payouts/methods/:id	legal_entity/payout_methods#update
PUT	/my/settings/payouts/methods/:id	legal_entity/payout_methods#update
GET	/my/settings/previews	users#edit_featurepreviews
GET	/my/settings/security	users#edit_security
GET	/my/settings/notifications	users#edit_notifications
GET	/my/settings/integrations	users#edit_integrations
GET	/my/settings/admin	users#edit_admin
GET	/my/payroll	my#payroll
GET	/my/pay	my#pay
POST	/my/payroll_positions/:payroll_position_id/invoices	payroll/invoices#create
GET	/my/payroll_positions/:payroll_position_id/invoices/new	payroll/invoices#new
GET	/my/payroll_positions/:id	payroll/positions#onboarding
GET	/my/feed	my#feed
GET	/my/inbox	my#inbox
GET	/my/activities	my#activities
POST	/my/toggle_admin_activities	my#toggle_admin_activities
GET	/my/tasks	my#tasks
GET	/my/reimbursements	my#reimbursements
GET	/my/reimbursements_icon	my#reimbursements_icon
POST	/my/receipts/upload	static_pages#receipt
GET	/my/missing_receipts	my#missing_receipts_list
GET	/my/missing_receipts_icon	my#missing_receipts_icon
GET	/my/receipt_bin/suggested_pairings	static_pages#suggested_pairings
POST	/my/receipt_report	users#receipt_report
GET	/my/cards	my#cards
GET	/my/cards/shipping	stripe_cards#shipping
POST	/mailbox_addresses/:id/activate	mailbox_addresses#activate
POST	/mailbox_addresses	mailbox_addresses#create
GET	/mailbox_addresses/:id	mailbox_addresses#show
POST	/suggested_pairings/:id/ignore	suggested_pairings#ignore
POST	/suggested_pairings/:id/accept	suggested_pairings#accept
POST	/receiptable/:receiptable_type/:receiptable_id/mark_no_or_lost	receiptables#mark_no_or_lost
POST	/enable_feature	features#enable_feature
POST	/disable_feature	features#disable_feature
GET	/users/auth	logins#new
GET	/users/webauthn/auth_options	users#webauthn_options
POST	/users/toggle_pretend_is_not_admin	users#toggle_pretend_is_not_admin
POST	/users/start_sms_auth_verification	users#start_sms_auth_verification
POST	/users/complete_sms_auth_verification	users#complete_sms_auth_verification
POST	/users/toggle_sms_auth	users#toggle_sms_auth
DELETE	/users/logout	users#logout
DELETE	/users/logout_session	users#logout_session
DELETE	/users/revoke/:id	users#revoke_oauth_application
POST	/users/make_oauth_authorization_eternal/:id	users#make_oauth_authorization_eternal
GET	/users/:id/address	users#edit_address
GET	/users/:id/payouts	users#edit_payout
GET	/users/:id/previews	users#edit_featurepreviews
GET	/users/:id/security	users#edit_security
GET	/users/:id/notifications	users#edit_notifications
GET	/users/:id/integrations	users#edit_integrations
GET	/users/:id/admin	users#edit_admin
GET	/users/:id/admin_details	users#admin_details
GET	/users/:id/admin_details_ach_transfers	users#admin_details_ach_transfers
GET	/users/:id/admin_details_check_deposits	users#admin_details_check_deposits
GET	/users/:id/admin_details_disbursements	users#admin_details_disbursements
GET	/users/:id/admin_details_emburse_cards	users#admin_details_emburse_cards
GET	/users/:id/admin_details_increase_checks	users#admin_details_increase_checks
GET	/users/:id/admin_details_invoices	users#admin_details_invoices
GET	/users/:id/admin_details_lob_checks	users#admin_details_lob_checks
GET	/users/:id/admin_details_missing_receipts	users#admin_details_missing_receipts
GET	/users/:id/admin_details_reimbursement_reports	users#admin_details_reimbursement_reports
GET	/users/:id/admin_details_stripe_cards	users#admin_details_stripe_cards
GET	/users/:id/admin_details_stripe_transactions	users#admin_details_stripe_transactions
DELETE	/users/:id/logout_all	users#logout_all
POST	/users/:id/impersonate	users#impersonate
POST	/users/:id/unimpersonate	users#unimpersonate
POST	/users/:id/suppress_card_locking	users#suppress_card_locking
POST	/users/:user_id/delete_profile_picture	users#delete_profile_picture
POST	/users/:user_id/generate_totp	users#generate_totp
POST	/users/:user_id/enable_totp	users#enable_totp
POST	/users/:user_id/disable_totp	users#disable_totp
POST	/users/:user_id/generate_backup_codes	users#generate_backup_codes
POST	/users/:user_id/activate_backup_codes	users#activate_backup_codes
POST	/users/:user_id/disable_backup_codes	users#disable_backup_codes
PATCH	/users/:user_id/stripe_cardholder_profile	stripe_cardholders#update_profile
GET	/users/:user_id/webauthn_credentials/register_options	webauthn_credentials#register_options
POST	/users/:user_id/webauthn_credentials	webauthn_credentials#create
DELETE	/users/:user_id/webauthn_credentials/:id	webauthn_credentials#destroy
PATCH	/reactions/:id	comment/reactions#react
PUT	/reactions/:id	comment/reactions#react
POST	/users/:user_id/comments	comments#create
GET	/users/:user_id/comments/new	comments#new
GET	/comments/:id/edit	comments#edit
PATCH	/comments/:id	comments#update
PUT	/comments/:id	comments#update
DELETE	/comments/:id	comments#destroy
GET	/users/:id/edit	users#edit
GET	/users/:id	users#show
PATCH	/users/:id	users#update
PUT	/users/:id	users#update
GET	/wrapped/data	users/wrapped#data
GET	/wrapped	users/wrapped#index
GET	/first/welcome	users/first#new
GET	/first/team	users/first#team
POST	/first/verify_email	users/first#verify_email
POST	/first/request_org_invite	users/first#request_org_invite
DELETE	/first/sign_out	users/first#sign_out
GET	/first/macbook_qr_code	users/first#macbook_qr_code
GET	/first	users/first#index
POST	/first	users/first#create
GET	/email_updates/verify	users/email_updates#verify
GET	/email_updates/authorize	users/email_updates#authorize_change
GET	/logins/login_preference	logins#choose_login_preference
POST	/logins/complete	logins#complete
POST	/logins/reauthenticate	logins#reauthenticate
GET	/logins/:id	logins#choose_login_preference
POST	/logins/:id/login_preference	logins#set_login_preference
POST	/logins/:id/email	logins#email
POST	/logins/:id/sms	logins#sms
GET	/logins/:id/totp	logins#totp
POST	/logins/:id/totp	logins#totp
GET	/logins/:id/security_key	logins#security_key
POST	/logins/:id/security_key	logins#security_key
GET	/logins/:id/backup_code	logins#backup_code
POST	/logins/:id/backup_code	logins#backup_code
POST	/logins/:id/complete	logins#complete
POST	/logins	logins#create
GET	/logins/new	logins#new
GET	/admin/nav	admin#nav
GET	/admin/bank_accounts	admin#bank_accounts
GET	/admin/hcb_codes	admin#hcb_codes
GET	/admin/bank_fees	admin#bank_fees
GET	/admin/fee_revenues	admin#fee_revenues
GET	/admin/users	admin#users
GET	/admin/raw_transactions	admin#raw_transactions
GET	/admin/raw_transaction_new	admin#raw_transaction_new
POST	/admin/raw_transaction_create	admin#raw_transaction_create
GET	/admin/raw_intrafi_transactions	admin#raw_intrafi_transactions
POST	/admin/raw_intrafi_transactions_import	admin#raw_intrafi_transactions_import
GET	/admin/ledger	admin#ledger
GET	/admin/ledger_items	admin#ledger_items
GET	/admin/event_search	admin#event_search
GET	/admin/user_search	admin#user_search
GET	/admin/stripe_cards	admin#stripe_cards
GET	/admin/pending_ledger	admin#pending_ledger
GET	/admin/ach	admin#ach
GET	/admin/reimbursements	admin#reimbursements
GET	/admin/payroll	admin#payroll
GET	/admin/stripe_card_personalization_designs	admin#stripe_card_personalization_designs
GET	/admin/stripe_card_personalization_design_new	admin#stripe_card_personalization_design_new
POST	/admin/stripe_card_personalization_design_create	admin#stripe_card_personalization_design_create
GET	/admin/checks	admin#checks
GET	/admin/increase_checks	admin#increase_checks
GET	/admin/applications	admin#applications
GET	/admin/paypal_transfers	admin#paypal_transfers
GET	/admin/wires	admin#wires
GET	/admin/wise_transfers	admin#wise_transfers
GET	/admin/events	admin#events
GET	/admin/event_new	admin#event_new
POST	/admin/event_create	admin#event_create
GET	/admin/donations	admin#donations
GET	/admin/recurring_donations	admin#recurring_donations
GET	/admin/disbursements	admin#disbursements
GET	/admin/disbursement_new	admin#disbursement_new
GET	/admin/invoices	admin#invoices
GET	/admin/sponsors	admin#sponsors
GET	/admin/google_workspaces	admin#google_workspaces
POST	/admin/google_workspaces_verify_all	admin#google_workspaces_verify_all
GET	/admin/balances	admin#balances
GET	/admin/hq_receipts	admin#hq_receipts
GET	/admin/account_numbers	admin#account_numbers
GET	/admin/employees	admin#employees
GET	/admin/employee_payments	admin#employee_payments
GET	/admin/emails	admin#emails
GET	/admin/email	admin#email
GET	/admin/email_html	admin#email_html
GET	/admin/merchant_memo_check	admin#merchant_memo_check
GET	/admin/referral_programs	admin#referral_programs
POST	/admin/referral_program_create	referral/programs#create
POST	/admin/referral_link_create	referral/links#create
GET	/admin/unknown_merchants	admin#unknown_merchants
POST	/admin/request_balance_export	admin#request_balance_export
GET	/admin/active_teenagers_leaderboard	admin#active_teenagers_leaderboard
GET	/admin/new_teenagers_leaderboard	admin#new_teenagers_leaderboard
GET	/admin/contracts	admin#contracts
GET	/admin/:id/transaction	admin#transaction
GET	/admin/:id/event_balance	admin#event_balance
GET	/admin/:id/event_raised	admin#event_raised
GET	/admin/:id/event_process	admin#event_process
PUT	/admin/:id/event_toggle_approved	admin#event_toggle_approved
PUT	/admin/:id/event_reject	admin#event_reject
GET	/admin/:id/ach_start_approval	admin#ach_start_approval
POST	/admin/:id/ach_approve	admin#ach_approve
POST	/admin/:id/ach_send_realtime	admin#ach_send_realtime
POST	/admin/:id/ach_reject	admin#ach_reject
GET	/admin/:id/disbursement_process	admin#disbursement_process
POST	/admin/:id/disbursement_approve	admin#disbursement_approve
POST	/admin/:id/disbursement_reject	admin#disbursement_reject
GET	/admin/:id/increase_check_process	admin#increase_check_process
GET	/admin/:id/paypal_transfer_process	admin#paypal_transfer_process
GET	/admin/:id/wire_process	admin#wire_process
GET	/admin/:id/wise_transfer_process	admin#wise_transfer_process
GET	/admin/:id/google_workspace_process	admin#google_workspace_process
POST	/admin/:id/google_workspace_approve	admin#google_workspace_approve
POST	/admin/:id/google_workspace_verify	admin#google_workspace_verify
POST	/admin/:id/google_workspace_update	admin#google_workspace_update
POST	/admin/:id/google_workspace_toggle_revocation_immunity	admin#google_workspace_toggle_revocation_immunity
GET	/admin/:id/invoice_process	admin#invoice_process
POST	/admin/:id/invoice_mark_paid	admin#invoice_mark_paid
POST	/admin/ledger_audits/tasks/:task_id/reviewed	admin/ledger_audits/tasks#reviewed
POST	/admin/ledger_audits/tasks/:task_id/flagged	admin/ledger_audits/tasks#flagged
GET	/admin/ledger_audits/tasks	admin/ledger_audits/tasks#index
POST	/admin/ledger_audits/tasks	admin/ledger_audits/tasks#create
GET	/admin/ledger_audits/tasks/:id	admin/ledger_audits/tasks#show
GET	/admin/ledger_audits	admin/ledger_audits#index
GET	/admin/ledger_audits/:id	admin/ledger_audits#show
GET	/admin/w9s	admin/w9s#index
POST	/admin/w9s	admin/w9s#create
GET	/admin/w9s/new	admin/w9s#new
POST	/admin/check_deposits/:id/submit	admin/check_deposits#submit
POST	/admin/check_deposits/:id/reject	admin/check_deposits#reject
GET	/admin/check_deposits	admin/check_deposits#index
GET	/admin/check_deposits/:id	admin/check_deposits#show
GET	/admin/payments	admin/payments#index
POST	/admin/payroll_positions/:id/reject	admin/payroll_positions#reject
GET	/admin/payroll_positions	admin/payroll_positions#index
GET	/admin/legal_entities	admin/legal_entities#index
GET	/admin/tax_forms	admin/tax_forms#index
GET	/admin/column_statements/:column_statement_id/bank_account_summary_report	admin/column_statements#bank_account_summary_report
GET	/admin/column_statements	admin/column_statements#index
GET	/admin/event_groups/events/:event_id	admin/event_groups#event
PATCH	/admin/event_groups/events/:event_id	admin/event_groups#update_event
GET	/admin/event_groups/:id/statement_of_activity	admin/event_groups#statement_of_activity
DELETE	/admin/event_groups/:event_group_id/memberships/:id	admin/event_group_memberships#destroy
GET	/admin/event_groups	admin/event_groups#index
POST	/admin/event_groups	admin/event_groups#create
DELETE	/admin/event_groups/:id	admin/event_groups#destroy
POST	/set_event	admin#set_event_multiple_transactions
POST	/set_event/:id	admin#set_event
POST	/set_paypal_transfer/:id	admin#set_paypal_transfer
POST	/set_wire/:id	admin#set_wire
POST	/set_wise_transfer/:id	admin#set_wise_transfer
POST	/invites/:organizer_position_invite_id/accept	organizer_position_invites#accept
POST	/invites/:organizer_position_invite_id/reject	organizer_position_invites#reject
POST	/invites/:organizer_position_invite_id/cancel	organizer_position_invites#cancel
POST	/invites/:organizer_position_invite_id/resend	organizer_position_invites#resend
POST	/invites/:id/change_position_role	organizer_position_invites#change_position_role
POST	/invites/:id/send_contract	organizer_position_invites#send_contract
GET	/invites/:id	organizer_position_invites#show
POST	/contracts/:id/void	contracts#void
POST	/contracts/:id/reissue	contracts#reissue
POST	/contracts/parties/:id/resend	contract/parties#resend
GET	/contracts/parties/:id/completed	contract/parties#completed
GET	/contracts/parties/:id	contract/parties#show
POST	/organizer_positions/:id/set_index	organizer_positions#set_index
POST	/organizer_positions/:id/mark_visited	organizer_positions#mark_visited
POST	/organizer_positions/:id/change_position_role	organizer_positions#change_position_role
GET	/organizer_positions/:organizer_id/organizer_position_deletion_requests/new	organizer_position_deletion_requests#new
DELETE	/organizer_positions/:id	organizer_positions#destroy
POST	/organizer_position_deletion_requests/:organizer_position_deletion_request_id/close	organizer_position_deletion_requests#close
POST	/organizer_position_deletion_requests/:organizer_position_deletion_request_id/open	organizer_position_deletion_requests#open
PATCH	/reactions/:id	comment/reactions#react
PUT	/reactions/:id	comment/reactions#react
POST	/organizer_position_deletion_requests/:organizer_position_deletion_request_id/comments	comments#create
GET	/organizer_position_deletion_requests/:organizer_position_deletion_request_id/comments/new	comments#new
GET	/comments/:id/edit	comments#edit
PATCH	/comments/:id	comments#update
PUT	/comments/:id	comments#update
DELETE	/comments/:id	comments#destroy
GET	/organizer_position_deletion_requests	organizer_position_deletion_requests#index
POST	/organizer_position_deletion_requests	organizer_position_deletion_requests#create
GET	/organizer_position_deletion_requests/:id	organizer_position_deletion_requests#show
PUT	/g_suite_accounts/:g_suite_account_id/reset_password	g_suite_accounts#reset_password
PUT	/g_suite_accounts/:g_suite_account_id/toggle_suspension	g_suite_accounts#toggle_suspension
POST	/g_suite_accounts/:g_suite_account_id/g_suite_aliases	g_suite_aliases#create
DELETE	/g_suite_aliases/:id	g_suite_aliases#destroy
GET	/g_suite_accounts	g_suite_accounts#index
POST	/g_suite_accounts	g_suite_accounts#create
GET	/g_suite_accounts/:id/edit	g_suite_accounts#edit
PATCH	/g_suite_accounts/:id	g_suite_accounts#update
PUT	/g_suite_accounts/:id	g_suite_accounts#update
DELETE	/g_suite_accounts/:id	g_suite_accounts#destroy
POST	/g_suites/:g_suite_id/g_suite_accounts	g_suite_accounts#create
POST	/g_suites/:g_suite_id/revocations	g_suite/revocations#create
DELETE	/g_suites/:g_suite_id/revocations/:id	g_suite/revocations#destroy
GET	/g_suites	g_suites#index
GET	/g_suites/:id	g_suites#show
DELETE	/g_suites/:id	g_suites#destroy
GET	/sponsors	sponsors#index
POST	/sponsors	sponsors#create
GET	/sponsors/new	sponsors#new
GET	/sponsors/:id/edit	sponsors#edit
GET	/sponsors/:id	sponsors#show
PATCH	/sponsors/:id	sponsors#update
PUT	/sponsors/:id	sponsors#update
DELETE	/sponsors/:id	sponsors#destroy
POST	/invoices/:invoice_id/manually_mark_as_paid	invoices#manually_mark_as_paid
POST	/invoices/:invoice_id/archive	invoices#archive
POST	/invoices/:invoice_id/unarchive	invoices#unarchive
POST	/invoices/:invoice_id/void	invoices#void
GET	/invoices/:invoice_id/hosted	invoices#hosted
GET	/invoices/:invoice_id/pdf	invoices#pdf
POST	/invoices/:id/refund	invoices#refund
GET	/invoices/:id	invoices#show
POST	/stripe_cardholders	stripe_cardholders#create
GET	/stripe_cardholders/new	stripe_cardholders#new
PATCH	/stripe_cardholders/:id	stripe_cardholders#update
PUT	/stripe_cardholders/:id	stripe_cardholders#update
GET	/stripe_cards/activation/new	stripe_cards/activation#new
POST	/stripe_cards/activation	stripe_cards/activation#create
POST	/stripe_cards/personalization_designs/:id/make_common	stripe_cards/personalization_designs#make_common
POST	/stripe_cards/personalization_designs/:id/make_unlisted	stripe_cards/personalization_designs#make_unlisted
GET	/stripe_cards/personalization_designs/:id	stripe_cards/personalization_designs#show
POST	/stripe_cards/:id/freeze	stripe_cards#freeze
POST	/stripe_cards/:id/defrost	stripe_cards#defrost
POST	/stripe_cards/:id/cancel	stripe_cards#cancel
POST	/stripe_cards/:id/enable_cash_withdrawal	stripe_cards#enable_cash_withdrawal
GET	/stripe_cards/:id/ephemeral_keys	stripe_cards#ephemeral_keys
GET	/stripe_cards	stripe_cards#index
POST	/stripe_cards	stripe_cards#create
GET	/stripe_cards/:id/edit	stripe_cards#edit
GET	/stripe_cards/:id	stripe_cards#show
PATCH	/stripe_cards/:id	stripe_cards#update
PUT	/stripe_cards/:id	stripe_cards#update
GET	/emburse_cards	emburse_cards#index
GET	/emburse_cards/:id/edit	emburse_cards#edit
GET	/emburse_cards/:id	emburse_cards#show
PATCH	/emburse_cards/:id	emburse_cards#update
PUT	/emburse_cards/:id	emburse_cards#update
DELETE	/emburse_cards/:id	emburse_cards#destroy
GET	/checks/:id	checks#show
POST	/increase_checks/:id/approve	increase_checks#approve
POST	/increase_checks/:id/reject	increase_checks#reject
POST	/increase_checks/:id/stop	increase_checks#stop
POST	/paypal_transfers/:id/approve	paypal_transfers#approve
POST	/paypal_transfers/:id/reject	paypal_transfers#reject
POST	/paypal_transfers/:id/mark_failed	paypal_transfers#mark_failed
POST	/wires/:id/approve	wires#approve
POST	/wires/:id/send	wires#send_wire
POST	/wires/:id/reject	wires#reject
GET	/wires/:id/edit	wires#edit
PATCH	/wires/:id	wires#update
PUT	/wires/:id	wires#update
POST	/wise_transfers/:id/approve	wise_transfers#approve
POST	/wise_transfers/:id/reject	wise_transfers#reject
POST	/wise_transfers/:id/mark_sent	wise_transfers#mark_sent
POST	/wise_transfers/:id/mark_failed	wise_transfers#mark_failed
GET	/wise_transfers/generate_quote	wise_transfers#generate_quote
GET	/wise_transfers/:id/edit	wise_transfers#edit
PATCH	/wise_transfers/:id	wise_transfers#update
PUT	/wise_transfers/:id	wise_transfers#update
POST	/ach_transfers/:id/cancel	ach_transfers#cancel
POST	/ach_transfers/:id/toggle_speed	ach_transfers#toggle_speed
POST	/ach_transfers/validate_routing_number	ach_transfers#validate_routing_number
GET	/ach_transfers/:ach_transfer_id/confirmation	ach_transfers#transfer_confirmation_letter
GET	/ach_transfers/:id	ach_transfers#show
GET	/disbursements/event_search	disbursements#event_search
POST	/disbursements/:disbursement_id/mark_fulfilled	disbursements#mark_fulfilled
POST	/disbursements/:disbursement_id/reject	disbursements#reject
POST	/disbursements/:disbursement_id/cancel	disbursements#cancel
POST	/disbursements/:disbursement_id/set_transaction_categories	disbursements#set_transaction_categories
GET	/disbursements/:disbursement_id/confirmation	disbursements#transfer_confirmation_letter
PATCH	/reactions/:id	comment/reactions#react
PUT	/reactions/:id	comment/reactions#react
POST	/disbursements/:disbursement_id/comments	comments#create
GET	/disbursements/:disbursement_id/comments/new	comments#new
GET	/comments/:id/edit	comments#edit
PATCH	/comments/:id	comments#update
PUT	/comments/:id	comments#update
DELETE	/comments/:id	comments#destroy
POST	/disbursements	disbursements#create
GET	/disbursements/new	disbursements#new
GET	/disbursements/:id/edit	disbursements#edit
GET	/disbursements/:id	disbursements#show
PATCH	/disbursements/:id	disbursements#update
PUT	/disbursements/:id	disbursements#update
GET	/documents	documents#common_index
GET	/documents/:document_id/download	documents#download
POST	/documents/:document_id/toggle	documents#toggle_archive
POST	/documents	documents#create
GET	/documents/new	documents#new
GET	/documents/:id/edit	documents#edit
GET	/documents/:id	documents#show
PATCH	/documents/:id	documents#update
PUT	/documents/:id	documents#update
DELETE	/documents/:id	documents#destroy
GET	/bank_accounts/:bank_account_id/reauthenticate	bank_accounts#reauthenticate
GET	/bank_accounts	bank_accounts#index
POST	/bank_accounts	bank_accounts#create
GET	/bank_accounts/new	bank_accounts#new
GET	/bank_accounts/:id	bank_accounts#show
PATCH	/bank_accounts/:id	bank_accounts#update
PUT	/bank_accounts/:id	bank_accounts#update
GET	/hcb/:id/attach_receipt	hcb_codes#attach_receipt
GET	/hcb/:id/memo_frame	hcb_codes#memo_frame
GET	/hcb/:id/dispute	hcb_codes#dispute
POST	/hcb/:id/invoice_as_personal_transaction	hcb_codes#invoice_as_personal_transaction
POST	/hcb/:id/pin	hcb_codes#pin
POST	/hcb/:id/toggle_tag/:tag_id	hcb_codes#toggle_tag
POST	/hcb/:id/send_receipt_sms	hcb_codes#send_receipt_sms
GET	/hcb/:id/subscriptions/transactions	hcb_code/subscriptions#transactions
GET	/hcb/receipt_status	hcb_codes#receipt_status
PATCH	/reactions/:id	comment/reactions#react
PUT	/reactions/:id	comment/reactions#react
POST	/hcb/:hcb_code_id/comments	comments#create
GET	/hcb/:hcb_code_id/comments/new	comments#new
GET	/comments/:id/edit	comments#edit
PATCH	/comments/:id	comments#update
PUT	/comments/:id	comments#update
DELETE	/comments/:id	comments#destroy
GET	/hcb/:id/edit	hcb_codes#edit
GET	/hcb/:id	hcb_codes#show
PATCH	/hcb/:id	hcb_codes#update
PUT	/hcb/:id	hcb_codes#update
POST	/tag/suggestions/:suggestion_id/accept	hcb_code/tag/suggestions#accept
POST	/tag/suggestions/:suggestion_id/reject	hcb_code/tag/suggestions#reject
POST	/canonical_pending_transactions/:id/set_category	canonical_pending_transactions#set_category
GET	/canonical_pending_transactions/:id/edit	canonical_pending_transactions#edit
GET	/canonical_pending_transactions/:id	canonical_pending_transactions#show
PATCH	/canonical_pending_transactions/:id	canonical_pending_transactions#update
PUT	/canonical_pending_transactions/:id	canonical_pending_transactions#update
POST	/canonical_transactions/:id/waive_fee	canonical_transactions#waive_fee
POST	/canonical_transactions/:id/unwaive_fee	canonical_transactions#unwaive_fee
POST	/canonical_transactions/:id/mark_bank_fee	canonical_transactions#mark_bank_fee
POST	/canonical_transactions/:id/set_custom_memo	canonical_transactions#set_custom_memo
POST	/canonical_transactions/:id/set_category	canonical_transactions#set_category
GET	/canonical_transactions/:id/edit	canonical_transactions#edit
GET	/canonical_transactions/:id	canonical_transactions#show
GET	/exports/collect_email	exports#collect_email
GET	/exports/:event	exports#transactions
GET	/exports/reimbursements/:event	exports#reimbursements
GET	/exports	exports#index
POST	/exports	exports#create
GET	/exports/new	exports#new
GET	/exports/:id/edit	exports#edit
GET	/exports/:id	exports#show
PATCH	/exports/:id	exports#update
PUT	/exports/:id	exports#update
DELETE	/exports/:id	exports#destroy
GET	/deprecated/transactions	transactions#index
GET	/deprecated/transactions/:id/edit	transactions#edit
GET	/deprecated/transactions/:id	transactions#show
PATCH	/deprecated/transactions/:id	transactions#update
PUT	/deprecated/transactions/:id	transactions#update
POST	/reimbursement/reports/:report_id/request_reimbursement	reimbursement/reports#request_reimbursement
POST	/reimbursement/reports/:report_id/convert_to_wise_transfer	reimbursement/reports#convert_to_wise_transfer
POST	/reimbursement/reports/:report_id/admin_approve	reimbursement/reports#admin_approve
POST	/reimbursement/reports/:report_id/admin_send_wise_transfer	reimbursement/reports#admin_send_wise_transfer
POST	/reimbursement/reports/:report_id/reverse	reimbursement/reports#reverse
POST	/reimbursement/reports/:report_id/approve_all_expenses	reimbursement/reports#approve_all_expenses
POST	/reimbursement/reports/:report_id/request_changes	reimbursement/reports#request_changes
POST	/reimbursement/reports/:report_id/reject	reimbursement/reports#reject
POST	/reimbursement/reports/:report_id/submit	reimbursement/reports#submit
POST	/reimbursement/reports/:report_id/update_currency	reimbursement/reports#update_currency
POST	/reimbursement/reports/:report_id/update_payout_method	reimbursement/reports#update_payout_method
POST	/reimbursement/reports/:report_id/draft	reimbursement/reports#draft
GET	/reimbursement/reports/:report_id/wise_transfer_quote	reimbursement/reports#wise_transfer_quote
GET	/reimbursement/reports/:report_id/wise_transfer_breakdown	reimbursement/reports#wise_transfer_breakdown
POST	/reimbursement/reports/quick_expense	reimbursement/reports#quick_expense
GET	/reimbursement/reports/:event_name/finished	reimbursement/reports#finished
POST	/reimbursement/reports	reimbursement/reports#create
GET	/reimbursement/reports/:id/edit	reimbursement/reports#edit
GET	/reimbursement/reports/:id	reimbursement/reports#show
PATCH	/reimbursement/reports/:id	reimbursement/reports#update
PUT	/reimbursement/reports/:id	reimbursement/reports#update
DELETE	/reimbursement/reports/:id	reimbursement/reports#destroy
GET	/reimbursement/start/:event_name	reimbursement/reports#start
POST	/reimbursement/expenses/:expense_id/approve	reimbursement/expenses#approve
POST	/reimbursement/expenses/:expense_id/unapprove	reimbursement/expenses#unapprove
POST	/reimbursement/expenses	reimbursement/expenses#create
GET	/reimbursement/expenses/:id/edit	reimbursement/expenses#edit
PATCH	/reimbursement/expenses/:id	reimbursement/expenses#update
PUT	/reimbursement/expenses/:id	reimbursement/expenses#update
DELETE	/reimbursement/expenses/:id	reimbursement/expenses#destroy
PATCH	/reactions/:id	comment/reactions#react
PUT	/reactions/:id	comment/reactions#react
POST	/reimbursements/reports/:reimbursement_report_id/comments	comments#create
GET	/reimbursements/reports/:reimbursement_report_id/comments/new	comments#new
GET	/comments/:id/edit	comments#edit
PATCH	/comments/:id	comments#update
PUT	/comments/:id	comments#update
DELETE	/comments/:id	comments#destroy
GET	/ledgers/:id	ledgers#show
GET	/transactions/:item_id/hcb	ledger/items#hcb
GET	/transactions/:id	ledger/items#show
PATCH	/reactions/:id	comment/reactions#react
PUT	/reactions/:id	comment/reactions#react
POST	/transactions/:ledger_item_id/comments	comments#create
GET	/transactions/:ledger_item_id/comments/new	comments#new
GET	/comments/:id/edit	comments#edit
PATCH	/comments/:id	comments#update
PUT	/comments/:id	comments#update
DELETE	/comments/:id	comments#destroy
POST	/employees/:employee_id/terminate	employees#terminate
POST	/employees/:employee_id/onboard	employees#onboard
GET	/employees	employees#index
POST	/employees	employees#create
GET	/employees/new	employees#new
GET	/employees/:id/edit	employees#edit
GET	/employees/:id	employees#show
PATCH	/employees/:id	employees#update
PUT	/employees/:id	employees#update
DELETE	/employees/:id	employees#destroy
POST	/employee/payments/:payment_id/review	employee/payments#review
GET	/employee/payments/:payment_id/stub	employee/payments#stub
GET	/employee/payments	employee/payments#index
POST	/employee/payments	employee/payments#create
GET	/employee/payments/new	employee/payments#new
GET	/employee/payments/:id/edit	employee/payments#edit
GET	/employee/payments/:id	employee/payments#show
PATCH	/employee/payments/:id	employee/payments#update
PUT	/employee/payments/:id	employee/payments#update
DELETE	/employee/payments/:id	employee/payments#destroy
POST	/payments/:id/cancel	payments#cancel
PATCH	/reactions/:id	comment/reactions#react
PUT	/reactions/:id	comment/reactions#react
POST	/payments/:payment_id/comments	comments#create
GET	/payments/:payment_id/comments/new	comments#new
GET	/comments/:id/edit	comments#edit
PATCH	/comments/:id	comments#update
PUT	/comments/:id	comments#update
DELETE	/comments/:id	comments#destroy
GET	/payments/:id	payments#show
GET	/mobile	static_pages#mobile
GET	/branding	static_pages#branding
GET	/security	static_pages#security
GET	/roles	static_pages#roles
GET	/admin_tools	static_pages#admin_tools
GET	/audit	admin#audit
GET	/for/funders	marketing#funders
GET	/for/funders/faq	marketing#funders_faq
POST	/for/funders/inquiry	marketing#funder_inquiry
GET	/emburse_card_requests/export	emburse_card_requests#export
POST	/emburse_card_requests/:emburse_card_request_id/reject	emburse_card_requests#reject
POST	/emburse_card_requests/:emburse_card_request_id/cancel	emburse_card_requests#cancel
GET	/emburse_card_requests	emburse_card_requests#index
GET	/emburse_card_requests/:id/edit	emburse_card_requests#edit
GET	/emburse_card_requests/:id	emburse_card_requests#show
PATCH	/emburse_card_requests/:id	emburse_card_requests#update
PUT	/emburse_card_requests/:id	emburse_card_requests#update
DELETE	/emburse_card_requests/:id	emburse_card_requests#destroy
GET	/emburse_transactions	emburse_transactions#index
GET	/emburse_transactions/:id/edit	emburse_transactions#edit
GET	/emburse_transactions/:id	emburse_transactions#show
PATCH	/emburse_transactions/:id	emburse_transactions#update
PUT	/emburse_transactions/:id	emburse_transactions#update
GET	/donations/start/:event_name	donations#start_donation
POST	/donations/start/:event_name	donations#make_donation
GET	/donations/start/:event_name/tiers/:tier_id	donation/tiers#start
GET	/donations/qr/:event_name.png	donations#qr_code
GET	/donations/:event_name/:donation	donations#finish_donation
GET	/donations/:event_name/:donation/finished	donations#finished
GET	/donations/export	donations#export
GET	/donations/export_donors	donations#export_donors
POST	/donations/:id/refund	donations#refund
GET	/donations/:id	donations#show
PATCH	/donations/:id	donations#update
PUT	/donations/:id	donations#update
GET	/api/v4/oauth/authorize/native	doorkeeper/authorizations#show
GET	/api/v4/oauth/authorize	doorkeeper/authorizations#new
DELETE	/api/v4/oauth/authorize	doorkeeper/authorizations#destroy
POST	/api/v4/oauth/authorize	doorkeeper/authorizations#create
POST	/api/v4/oauth/token	doorkeeper/tokens#create
POST	/api/v4/oauth/revoke	doorkeeper/tokens#revoke
POST	/api/v4/oauth/introspect	doorkeeper/tokens#introspect
GET	/api/v4/oauth/applications	doorkeeper/applications#index
POST	/api/v4/oauth/applications	doorkeeper/applications#create
GET	/api/v4/oauth/applications/new	doorkeeper/applications#new
GET	/api/v4/oauth/applications/:id/edit	doorkeeper/applications#edit
GET	/api/v4/oauth/applications/:id	doorkeeper/applications#show
PATCH	/api/v4/oauth/applications/:id	doorkeeper/applications#update
PUT	/api/v4/oauth/applications/:id	doorkeeper/applications#update
DELETE	/api/v4/oauth/applications/:id	doorkeeper/applications#destroy
GET	/api/v4/oauth/token/info	doorkeeper/token_info#show
POST	/api/v4/oauth/authorize_device	doorkeeper/device_authorization_grant/device_codes#create
GET	/api/v4/oauth/device	doorkeeper/device_authorization_grant/device_authorizations#index
POST	/api/v4/oauth/device	doorkeeper/device_authorization_grant/device_authorizations#authorize
GET	/api/v4/user	api/v4/users#me
POST	/api/v4/user/revoke	api/v4/users#revoke
GET	/api/v4/user/organizations	api/v4/events#index
GET	/api/v4/user/cards	api/v4/stripe_cards#index
GET	/api/v4/user/card_grants	api/v4/card_grants#index
POST	/api/v4/user/invitations/:id/accept	api/v4/organizer_position_invites#accept
POST	/api/v4/user/invitations/:id/reject	api/v4/organizer_position_invites#reject
GET	/api/v4/user/invitations	api/v4/organizer_position_invites#index
GET	/api/v4/user/invitations/:id	api/v4/organizer_position_invites#show
GET	/api/v4/user/transactions/missing_receipt	api/v4/transactions#missing_receipt
GET	/api/v4/user/available_icons	api/v4/users#available_icons
GET	/api/v4/user/intercom_token	api/v4/intercom#token
GET	/api/v4/users/by_email/:email	api/v4/users#by_email
GET	/api/v4/users/:id	api/v4/users#show
GET	/api/v4/organizations/:event_id/cards	api/v4/stripe_cards#index
GET	/api/v4/organizations/:event_id/card_grants	api/v4/card_grants#index
POST	/api/v4/organizations/:event_id/card_grants	api/v4/card_grants#create
GET	/api/v4/organizations/:event_id/invitations	api/v4/organizer_position_invites#index
POST	/api/v4/organizations/:event_id/invitations	api/v4/organizer_position_invites#create
DELETE	/api/v4/organizations/:event_id/invitations/:id	api/v4/organizer_position_invites#destroy
GET	/api/v4/organizations/:event_id/transactions/:transaction_id/receipts	api/v4/receipts#index
GET	/api/v4/organizations/:event_id/transactions/:transaction_id/comments	api/v4/comments#index
POST	/api/v4/organizations/:event_id/transactions/:transaction_id/comments	api/v4/comments#create
GET	/api/v4/organizations/:event_id/transactions/:id/memo_suggestions	api/v4/transactions#memo_suggestions
GET	/api/v4/organizations/:event_id/transactions/:id	api/v4/transactions#show
PATCH	/api/v4/organizations/:event_id/transactions/:id	api/v4/transactions#update
PUT	/api/v4/organizations/:event_id/transactions/:id	api/v4/transactions#update
POST	/api/v4/organizations/:event_id/transfers	api/v4/disbursements#create
POST	/api/v4/organizations/:event_id/donations/:id/payment_intent	api/v4/donations#payment_intent
POST	/api/v4/organizations/:event_id/donations	api/v4/donations#create
GET	/api/v4/organizations/:id/sub_organizations	api/v4/events#sub_organizations
POST	/api/v4/organizations/:id/sub_organizations	api/v4/events#create_sub_organization
GET	/api/v4/organizations/:id/transactions	api/v4/transactions#index
GET	/api/v4/organizations/:id/followers	api/v4/events#followers
GET	/api/v4/organizations/:id/balance_by_date	api/v4/events#balance_by_date
GET	/api/v4/organizations/:id	api/v4/events#show
POST	/api/v4/organizer_positions/:id/removal_request	api/v4/organizer_positions#removal_request
GET	/api/v4/organizer_positions	api/v4/organizer_positions#index
POST	/api/v4/transactions/:id/mark_no_receipt	api/v4/transactions#mark_no_receipt
GET	/api/v4/transactions/:id	api/v4/transactions#show
GET	/api/v4/donations	api/v4/donations#index
GET	/api/v4/donations/:id	api/v4/donations#show
GET	/api/v4/tags	api/v4/tags#index
POST	/api/v4/tags	api/v4/tags#create
GET	/api/v4/tags/:id	api/v4/tags#show
DELETE	/api/v4/tags/:id	api/v4/tags#destroy
GET	/api/v4/receipts	api/v4/receipts#index
POST	/api/v4/receipts	api/v4/receipts#create
DELETE	/api/v4/receipts/:id	api/v4/receipts#destroy
GET	/api/v4/cards/card_designs	api/v4/stripe_cards#card_designs
POST	/api/v4/cards/freeze	api/v4/stripe_cards#freeze
POST	/api/v4/cards/defrost	api/v4/stripe_cards#defrost
POST	/api/v4/cards/activate	api/v4/stripe_cards#activate
GET	/api/v4/cards/:id/transactions	api/v4/stripe_cards#transactions
GET	/api/v4/cards/:id/ephemeral_keys	api/v4/stripe_cards#ephemeral_keys
POST	/api/v4/cards/:id/cancel	api/v4/stripe_cards#cancel
POST	/api/v4/cards	api/v4/stripe_cards#create
GET	/api/v4/cards/:id	api/v4/stripe_cards#show
PATCH	/api/v4/cards/:id	api/v4/stripe_cards#update
PUT	/api/v4/cards/:id	api/v4/stripe_cards#update
POST	/api/v4/card_grants/:id/activate	api/v4/card_grants#activate
POST	/api/v4/card_grants/:id/topup	api/v4/card_grants#topup
POST	/api/v4/card_grants/:id/withdraw	api/v4/card_grants#withdraw
POST	/api/v4/card_grants/:id/cancel	api/v4/card_grants#cancel
GET	/api/v4/card_grants/:id/transactions	api/v4/card_grants#transactions
GET	/api/v4/card_grants/:id	api/v4/card_grants#show
PATCH	/api/v4/card_grants/:id	api/v4/card_grants#update
PUT	/api/v4/card_grants/:id	api/v4/card_grants#update
GET	/api/v4/invoices	api/v4/invoices#index
POST	/api/v4/invoices	api/v4/invoices#create
GET	/api/v4/invoices/:id	api/v4/invoices#show
GET	/api/v4/checks	api/v4/checks#index
POST	/api/v4/checks	api/v4/checks#create
GET	/api/v4/checks/:id	api/v4/checks#show
GET	/api/v4/sponsors	api/v4/sponsors#index
POST	/api/v4/sponsors	api/v4/sponsors#create
GET	/api/v4/sponsors/:id	api/v4/sponsors#show
GET	/api/v4/check_deposits	api/v4/check_deposits#index
POST	/api/v4/check_deposits	api/v4/check_deposits#create
GET	/api/v4/check_deposits/:id	api/v4/check_deposits#show
GET	/api/v4/wires	api/v4/wires#index
POST	/api/v4/wires	api/v4/wires#create
GET	/api/v4/wires/:id	api/v4/wires#show
POST	/api/v4/ach_transfers	api/v4/ach_transfers#create
GET	/api/v4/comments	api/v4/comments#index
POST	/api/v4/comments	api/v4/comments#create
GET	/api/v4/stripe_terminal_connection_token	api/v4/stripe_terminal#connection_token
GET|POST	/api/v4/*path	api/v4/application#not_found
GET	/api/current_user	api#the_current_user
GET	/api/flags	api#flags
POST	/twilio/webhook	twilio#webhook
POST	/stripe/webhook	stripe#webhook
POST	/docuseal/webhook	docuseal#webhook
POST	/webhooks/column	column/webhooks#webhook
POST	/taxbandits/webhook	taxbandits#webhook
POST	/discord/event_webhook	discord#event_webhook
POST	/discord/interaction_webhook	discord#interaction_webhook
GET	/discord/link	discord#link
POST	/discord/create_link	discord#create_link
GET	/discord/setup	discord#setup
GET	/discord/unlink_server	discord#unlink_server
POST	/discord/unlink_server	discord#unlink_server_action
GET	/discord/unlink_user	discord#unlink_user
POST	/discord/unlink_user	discord#unlink_user_action
POST	/discord/create_server_link	discord#create_server_link
POST	/extract/invoice	extraction#invoice
GET	/negative_events	admin#negative_events
GET	/admin_task_size	admin#task_size
POST	/tours/:id/mark_complete	tours#mark_complete
POST	/tours/:id/set_step	tours#set_step
POST	/recurring/:id/cancel	recurring_donations#cancel
GET	/recurring/:id/edit	recurring_donations#edit
GET	/recurring/:id	recurring_donations#show
PATCH	/recurring/:id	recurring_donations#update
PUT	/recurring/:id	recurring_donations#update
POST	/grants/:id/activate	card_grants#activate
GET	/grants/:id/spending	card_grants#spending
POST	/grants/:id/clear_purpose	card_grants#clear_purpose
POST	/grants/:card_grant_id/pre_authorizations/clear_screenshots	card_grant/pre_authorizations#clear_screenshots
POST	/grants/:card_grant_id/pre_authorizations/organizer_approve	card_grant/pre_authorizations#organizer_approve
POST	/grants/:card_grant_id/pre_authorizations/organizer_reject	card_grant/pre_authorizations#organizer_reject
GET	/grants/:card_grant_id/pre_authorizations	card_grant/pre_authorizations#show
PATCH	/grants/:card_grant_id/pre_authorizations	card_grant/pre_authorizations#update
PUT	/grants/:card_grant_id/pre_authorizations	card_grant/pre_authorizations#update
PATCH	/reactions/:id	comment/reactions#react
PUT	/reactions/:id	comment/reactions#react
POST	/grants/:card_grant_id/comments	comments#create
GET	/grants/:card_grant_id/comments/new	comments#new
GET	/comments/:id/edit	comments#edit
PATCH	/comments/:id	comments#update
PUT	/comments/:id	comments#update
DELETE	/comments/:id	comments#destroy
GET	/grants/:id/edit	card_grants#edit
GET	/grants/:id	card_grants#show
PATCH	/grants/:id	card_grants#update
PUT	/grants/:id	card_grants#update
GET	/timeout	errors#timeout
GET	/search	search#index
DELETE	/follows/:id	event/follows#destroy
POST	/announcements/:id/publish	announcements#publish
POST	/announcements	announcements#create
GET	/announcements/:id/edit	announcements#edit
GET	/announcements/:id	announcements#show
PATCH	/announcements/:id	announcements#update
PUT	/announcements/:id	announcements#update
DELETE	/announcements/:id	announcements#destroy
POST	/announcements/blocks	announcements/blocks#create
GET	/announcements/blocks/:id/edit	announcements/blocks#edit
GET	/announcements/blocks/:id	announcements/blocks#show
PATCH	/announcements/blocks/:id	announcements/blocks#update
PUT	/announcements/blocks/:id	announcements/blocks#update
POST	/invite_links/:id/deactivate	organizer_position_invite/links#deactivate
GET	/invite_links/:id	organizer_position_invite/links#show
POST	/invite_requests/:id/approve	organizer_position_invite/requests#approve
POST	/invite_requests/:id/deny	organizer_position_invite/requests#deny
POST	/invite_requests	organizer_position_invite/requests#create
GET	/payees/:id/choose_legal_entity	payees#choose_legal_entity
POST	/payees/:id/set_legal_entity	payees#set_legal_entity
POST	/legal_entities/create_from_tax_form	legal_entities#create_from_tax_form
POST	/legal_entities/:id/replace	legal_entities#replace
GET	/legal_entities/:id	legal_entities#show
POST	/tax_forms/:id/sync	tax/forms#sync
POST	/tax_forms/:id/discard	tax/forms#discard
POST	/tax_forms	tax/forms#create
GET	/tax_forms/:id	tax/forms#show
GET	/apply	event/applications#apply
GET	/applications/start	event/applications#create
GET	/applications/:id/personal_info	event/applications#personal_info
GET	/applications/:id/project_info	event/applications#project_info
GET	/applications/:id/videos	event/applications#videos
GET	/applications/:id/agreement	event/applications#agreement
GET	/applications/:id/review	event/applications#review
GET	/applications/:id/submission	event/applications#submission
GET	/applications/:id/edit	event/applications#edit
POST	/applications/:id/submit	event/applications#submit
POST	/applications/:id/archive	event/applications#archive
POST	/applications/:id/unarchive	event/applications#unarchive
POST	/applications/:id/admin_approve	event/applications#admin_approve
POST	/applications/:id/admin_reject	event/applications#admin_reject
POST	/applications/:id/admin_activate	event/applications#admin_activate
POST	/applications/:id/resend_to_cosigner	event/applications#resend_to_cosigner
POST	/applications/:id/mark_videos_watched	event/applications#mark_videos_watched
GET	/applications	event/applications#index
POST	/applications	event/applications#create
GET	/applications/new	event/applications#new
GET	/applications/:id	event/applications#show
PATCH	/applications/:id	event/applications#update
PUT	/applications/:id	event/applications#update
POST	/affiliations	event/affiliations#create
PATCH	/affiliations/:id	event/affiliations#update
PUT	/affiliations/:id	event/affiliations#update
DELETE	/affiliations/:id	event/affiliations#destroy
GET	/events	events#index
GET	/:event_id/team_stats	events#team_stats
GET	/:event_id/recent_activity	events#recent_activity
GET	/:event_id/balance_transactions	events#balance_transactions
GET	/:event_id/money_movement	events#money_movement
GET	/:event_id/merchants_chart	events#merchants_chart
GET	/:event_id/categories_chart	events#categories_chart
GET	/:event_id/top_categories	events#top_categories
GET	/:event_id/tags_chart	events#tags_chart
GET	/:event_id/users_chart	events#users_chart
GET	/:event_id/transaction_heatmap	events#transaction_heatmap
GET	/:event_id/transactions	events#transactions
GET	/:event_id/transactions_list	events#transactions_list
GET	/:event_id/ledger	events#ledger
POST	/:event_id/toggle_new_ledger	events#toggle_new_ledger
GET	/:event_id/stats	events#stats
GET	/:event_id/merchants_filter	events#merchants_filter
PUT	/:event_id/toggle_hidden	events#toggle_hidden
POST	/:event_id/claim_point_of_contact	events#claim_point_of_contact
POST	/:event_id/create_sub_organization	events#create_sub_organization
POST	/:event_id/toggle_fee_waiver_eligible	events#toggle_fee_waiver_eligible
POST	/:event_id/remove_header_image	events#remove_header_image
POST	/:event_id/remove_background_image	events#remove_background_image
POST	/:event_id/remove_logo	events#remove_logo
GET	/:event_id/team	events#team
GET	/:event_id/google_workspace	events#g_suite_overview
POST	/:event_id/g_suite_create	events#g_suite_create
PUT	/:event_id/g_suite_verify	events#g_suite_verify
GET	/:event_id/emburse_cards	events#emburse_card_overview
GET	/:event_id/cards	events#card_overview
GET	/:event_id/cards/new	stripe_cards#new
GET	/:event_id/announcements	events#announcement_overview
GET	/:event_id/announcements/new	announcements#new
GET	/:event_id/feed	events#feed
GET	/:event_id/stripe_cards/shipping	stripe_cards#shipping
GET	/:event_id/card_grants	card_grants#index
GET	/:event_id/card_grants/card_overview	card_grants#card_index
GET	/:event_id/card_grants/transaction_overview	card_grants#transaction_index
GET	/:event_id/card_grants/bulk_upload	card_grants#bulk_upload_form
POST	/:event_id/card_grants/bulk_upload	card_grants#bulk_upload
GET	/:event_id/card_grants/bulk_upload_template	card_grants#bulk_upload_template
POST	/:event_id/follows	event/follows#create
GET	/:event_id/transfers/new	events#new_transfer
GET	/:event_id/payments	events#payments
POST	/:event_id/payments	payments#create
GET	/:event_id/payments/new	payments#new
GET	/:event_id/payroll_positions/:id/contract	payroll/positions#contract
POST	/:event_id/payroll_positions	payroll/positions#create
GET	/:event_id/payroll_positions/new	payroll/positions#new
GET	/:event_id/payroll_positions/:id/edit	payroll/positions#edit
GET	/:event_id/payroll_positions/:id	payroll/positions#show
PATCH	/:event_id/payroll_positions/:id	payroll/positions#update
PUT	/:event_id/payroll_positions/:id	payroll/positions#update
POST	/:event_id/payroll_invoices/:id/approve	payroll/invoices#approve
POST	/:event_id/payroll_invoices/:id/reject	payroll/invoices#reject
POST	/:event_id/payees/:id/archive	payees#archive
GET	/:event_id/payees	payees#index
POST	/:event_id/payees	payees#create
PATCH	/:event_id/payees/:id	payees#update
PUT	/:event_id/payees/:id	payees#update
GET	/:event_id/async_balance	events#async_balance
GET	/:event_id/async_sub_organization_balance	events#async_sub_organization_balance
GET	/:event_id/async_sub_organizations_graph	events#async_sub_organizations_graph
GET	/:event_id/reimbursements_pending_review_icon	events#reimbursements_pending_review_icon
GET	/:event_id/transfers	events#transfers
GET	/:event_id/payments	events#payments
GET	/:event_id/statements	events#statements
GET	/:event_id/statement_of_activity	events#statement_of_activity
GET	/:event_id/promotions	events#promotions
GET	/:event_id/reimbursements	events#reimbursements
GET	/:event_id/employees	events#employees
GET	/:event_id/contractors	events#contractors
GET	/:event_id/sub_organizations	events#sub_organizations
GET	/:event_id/sub_organizations/new	suborganizations#new
GET	/:event_id/donations	events#donation_overview
GET	/:event_id/activation_flow	events#activation_flow
POST	/:event_id/activate	events#activate
POST	/:event_id/disbursements	disbursements#create
GET	/:event_id/disbursements/new	disbursements#new
POST	/:event_id/checks	increase_checks#create
GET	/:event_id/checks/new	increase_checks#new
POST	/:event_id/fees	fees#create
POST	/:event_id/paypal_transfers	paypal_transfers#create
GET	/:event_id/paypal_transfers/new	paypal_transfers#new
POST	/:event_id/wires	wires#create
GET	/:event_id/wires/new	wires#new
POST	/:event_id/wise_transfers	wise_transfers#create
GET	/:event_id/wise_transfers/new	wise_transfers#new
POST	/:event_id/ach_transfers	ach_transfers#create
GET	/:event_id/ach_transfers/new	ach_transfers#new
POST	/:event_id/g_suites	g_suites#create
GET	/:event_id/g_suites/new	g_suites#new
GET	/:event_id/g_suites/:id/edit	g_suites#edit
PATCH	/:event_id/g_suites/:id	g_suites#update
PUT	/:event_id/g_suites/:id	g_suites#update
GET	/:event_id/documents	documents#index
GET	/:event_id/invoices	invoices#index
POST	/:event_id/invoices	invoices#create
GET	/:event_id/invoices/new	invoices#new
POST	/:event_id/tags	tags#create
PATCH	/:event_id/tags/:id	tags#update
PUT	/:event_id/tags/:id	tags#update
DELETE	/:event_id/tags/:id	tags#destroy
POST	/:event_id/event_tags	event_tags#create
DELETE	/:event_id/event_tags/:id	event_tags#destroy
POST	/:event_id/invites	organizer_position_invites#create
GET	/:event_id/invites/new	organizer_position_invites#new
GET	/:event_id/invite_links	organizer_position_invite/links#index
POST	/:event_id/invite_links	organizer_position_invite/links#create
GET	/:event_id/invite_links/new	organizer_position_invite/links#new
PATCH	/:event_id/donation/goals	donation/goals#update
PUT	/:event_id/donation/goals	donation/goals#update
POST	/:event_id/donation/goals	donation/goals#create
POST	/:event_id/donation/tiers/set_index	donation/tiers#set_index
PATCH	/:event_id/donation/tiers	donation/tiers#update
PUT	/:event_id/donation/tiers	donation/tiers#update
DELETE	/:event_id/donation/tiers	donation/tiers#destroy
POST	/:event_id/donation/tiers	donation/tiers#create
GET	/:event_id/recurring/:id/pay	recurring_donations#pay
GET	/:event_id/recurring/:id/finished	recurring_donations#finished
POST	/:event_id/recurring	recurring_donations#create
POST	/:event_id/check-deposits/:id/toggle_fronted	check_deposits#toggle_fronted
GET	/:event_id/check-deposits	check_deposits#index
POST	/:event_id/check-deposits	check_deposits#create
POST	/:event_id/card-grants/:id/topup	card_grants#topup
POST	/:event_id/card-grants/:id/withdraw	card_grants#withdraw
POST	/:event_id/card-grants/:id/cancel	card_grants#cancel
POST	/:event_id/card-grants/:id/convert_to_reimbursement_report	card_grants#convert_to_reimbursement_report
POST	/:event_id/card-grants/:id/toggle_one_time_use	card_grants#toggle_one_time_use
POST	/:event_id/card-grants/:id/disable_pre_authorization	card_grants#disable_pre_authorization
POST	/:event_id/card-grants/:id/permit_merchant	card_grants#permit_merchant
GET	/:event_id/card-grants/:id/edit/overview	card_grants#edit_overview
GET	/:event_id/card-grants/:id/edit/usage_restrictions	card_grants#edit_usage_restrictions
GET	/:event_id/card-grants/:id/edit/expiration	card_grants#edit_expiration
GET	/:event_id/card-grants/:id/edit/purpose	card_grants#edit_purpose
GET	/:event_id/card-grants/:id/edit/actions	card_grants#edit_actions
GET	/:event_id/card-grants/:id/edit/balance	card_grants#edit_balance
GET	/:event_id/card-grants/:id/edit/topup	card_grants#edit_topup
GET	/:event_id/card-grants/:id/edit/withdraw	card_grants#edit_withdraw
POST	/:event_id/card-grants	card_grants#create
GET	/:event_id/card-grants/new	card_grants#new
PATCH	/:event_id/account-number	column/account_number#update
PUT	/:event_id/account-number	column/account_number#update
POST	/:event_id/account-number	column/account_number#create
GET	/:event_id/team/:organizer_position_id/removal-requests/new	organizer_position_deletion_requests#new
POST	/:event_id/team/:organizer_position_id/spending/controls/:control_id/allowances	organizer_position/spending/control/allowances#create
GET	/:event_id/team/:organizer_position_id/spending/controls/:control_id/allowances/new	organizer_position/spending/control/allowances#new
GET	/:event_id/team/:organizer_position_id/spending/controls	organizer_position/spending/controls#index
POST	/:event_id/team/:organizer_position_id/spending/controls	organizer_position/spending/controls#create
GET	/:event_id/team/:organizer_position_id/spending/controls/new	organizer_position/spending/controls#new
GET	/:event_id/team/:organizer_position_id/spending/controls/:id/edit	organizer_position/spending/controls#edit
GET	/:event_id/team/:organizer_position_id/spending/controls/:id	organizer_position/spending/controls#show
PATCH	/:event_id/team/:organizer_position_id/spending/controls/:id	organizer_position/spending/controls#update
PUT	/:event_id/team/:organizer_position_id/spending/controls/:id	organizer_position/spending/controls#update
DELETE	/:event_id/team/:organizer_position_id/spending/controls/:id	organizer_position/spending/controls#destroy
DELETE	/:event_id/payment_recipients/:id	payment_recipients#destroy
POST	/:event_id/scoped_tags/:id/toggle_tag	event/scoped_tags#toggle_tag
POST	/:event_id/scoped_tags	event/scoped_tags#create
PATCH	/:event_id/scoped_tags/:id	event/scoped_tags#update
PUT	/:event_id/scoped_tags/:id	event/scoped_tags#update
DELETE	/:event_id/scoped_tags/:id	event/scoped_tags#destroy
GET	/:id/account-number	events#account_number
POST	/:id/toggle_event_tag/:event_tag_id	events#toggle_event_tag
GET	/:id/audit_log	events#audit_log
POST	/:id/validate_slug	events#validate_slug
GET	/:id/termination	events#termination
POST	/:id/permit_merchant	events#permit_merchant
POST	/:id/request_call	events#request_call
POST	/:id/hide_onboarding_message	events#hide_onboarding_message
GET	/:id/sub_organizations/check_name	events#check_sub_organization_name
GET	/:id/settings(/:tab)	events#edit
GET	/:event_id/balance_by_date	events#balance_by_date
PATCH	/reactions/:id	comment/reactions#react
PUT	/reactions/:id	comment/reactions#react
POST	/:event_id/comments	comments#create
GET	/:event_id/comments/new	comments#new
GET	/comments/:id/edit	comments#edit
PATCH	/comments/:id	comments#update
PUT	/comments/:id	comments#update
DELETE	/comments/:id	comments#destroy
GET	/	events#index
GET	/:id	events#show
PATCH	/:id	events#update
PUT	/:id	events#update
DELETE	/:id	events#destroy
GET	/referrals/:id	referral/links#show
GET	/from/*slug/:id	referral/links#show
GET	/recede_historical_location	turbo/native/navigation#recede
GET	/resume_historical_location	turbo/native/navigation#resume
GET	/refresh_historical_location	turbo/native/navigation#refresh
POST	/rails/action_mailbox/postmark/inbound_emails	action_mailbox/ingresses/postmark/inbound_emails#create
POST	/rails/action_mailbox/relay/inbound_emails	action_mailbox/ingresses/relay/inbound_emails#create
POST	/rails/action_mailbox/sendgrid/inbound_emails	action_mailbox/ingresses/sendgrid/inbound_emails#create
GET	/rails/action_mailbox/mandrill/inbound_emails	action_mailbox/ingresses/mandrill/inbound_emails#health_check
POST	/rails/action_mailbox/mandrill/inbound_emails	action_mailbox/ingresses/mandrill/inbound_emails#create
POST	/rails/action_mailbox/mailgun/inbound_emails/mime	action_mailbox/ingresses/mailgun/inbound_emails#create
GET	/rails/conductor/action_mailbox/inbound_emails	rails/conductor/action_mailbox/inbound_emails#index
POST	/rails/conductor/action_mailbox/inbound_emails	rails/conductor/action_mailbox/inbound_emails#create
GET	/rails/conductor/action_mailbox/inbound_emails/new	rails/conductor/action_mailbox/inbound_emails#new
GET	/rails/conductor/action_mailbox/inbound_emails/:id	rails/conductor/action_mailbox/inbound_emails#show
GET	/rails/conductor/action_mailbox/inbound_emails/sources/new	rails/conductor/action_mailbox/inbound_emails/sources#new
POST	/rails/conductor/action_mailbox/inbound_emails/sources	rails/conductor/action_mailbox/inbound_emails/sources#create
POST	/rails/conductor/action_mailbox/:inbound_email_id/reroute	rails/conductor/action_mailbox/reroutes#create
POST	/rails/conductor/action_mailbox/:inbound_email_id/incinerate	rails/conductor/action_mailbox/incinerates#create
GET	/rails/active_storage/blobs/redirect/:signed_id/*filename	active_storage/blobs/redirect#show
GET	/rails/active_storage/blobs/proxy/:signed_id/*filename	active_storage/blobs/proxy#show
GET	/rails/active_storage/blobs/:signed_id/*filename	active_storage/blobs/redirect#show
GET	/rails/active_storage/representations/redirect/:signed_blob_id/:variation_key/*filename	active_storage/representations/redirect#show
GET	/rails/active_storage/representations/proxy/:signed_blob_id/:variation_key/*filename	active_storage/representations/proxy#show
GET	/rails/active_storage/representations/:signed_blob_id/:variation_key/*filename	active_storage/representations/redirect#show
GET	/rails/active_storage/disk/:encoded_key/*filename	active_storage/disk#show
PUT	/rails/active_storage/disk/:encoded_token	active_storage/disk#update
POST	/rails/active_storage/direct_uploads	active_storage/direct_uploads#create
GET	/	rails/welcome#index
